[
    {
      "id": 1,
      "firstName": "Mark",
      "lastName": "Otto",
      "username": "@mdo",
      "email": "mdo@gmail.com",
      "age": "28",
      "Brand": "twitter",      
      "Size": "18",
      "Qty": "18"
    },
    {
      "id": 2,
      "firstName": "Jacob",
      "lastName": "Thornton",
      "username": "@fat",
      "email": "fat@yandex.ru",
      "age": "45",
      "Brand": "twitter",      
      "Size": "18",
      "Qty": "18"
    },
    {
      "id": 3,
      "firstName": "Larry",
      "lastName": "Bird",
      "username": "@twitter",
      "email": "twitter@outlook.com",
      "age": "18",
      "Brand": "twitter",      
      "Size": "18",
      "Qty": "18"
    },
    {
      "id": 4,
      "firstName": "John",
      "lastName": "Snow",
      "username": "@snow",
      "email": "snow@gmail.com",
      "age": "20",
      "Brand": "twitter",      
      "Size": "18",
      "Qty": "18"
    },
    {
      "id": 5,
      "firstName": "Jack",
      "lastName": "Sparrow",
      "username": "@jack",
      "email": "jack@yandex.ru",
      "age": "30",
      "Brand": "twitter",      
      "Size": "18",
      "Qty": "18"
    },
    {
      "id": 6,
      "firstName": "Ann",
      "lastName": "Smith",
      "username": "@ann",
      "email": "ann@gmail.com",
      "age": "21",
      "Brand": "twitter",      
      "Size": "18",
      "Qty": "18"
    },
    {
      "id": 7,
      "firstName": "Barbara",
      "lastName": "Black",
      "username": "@barbara",
      "email": "barbara@yandex.ru",
      "age": "43",
      "Brand": "twitter",      
      "Size": "18",
      "Qty": "18"
    },
    {
      "id": 8,
      "firstName": "Sevan",
      "lastName": "Bagrat",
      "username": "@sevan",
      "email": "sevan@outlook.com",
      "age": "13",
      "Brand": "twitter",      
      "Size": "18",
      "Qty": "18"
    },
    {
      "id": 9,
      "firstName": "Ruben",
      "lastName": "Vardan",
      "username": "@ruben",
      "email": "ruben@gmail.com",
      "age": "22",
      "Brand": "twitter",      
      "Size": "18",
      "Qty": "18"
    },
    {
      "id": 10,
      "firstName": "Karen",
      "lastName": "Sevan",
      "username": "@karen",
      "email": "karen@yandex.ru",
      "age": "33",
      "Brand": "twitter",      
      "Size": "18",
      "Qty": "18"
    },
    {
      "id": 11,
      "firstName": "Mark",
      "lastName": "Otto",
      "username": "@mark",
      "email": "mark@gmail.com",
      "age": "38",
      "Brand": "twitter",      
      "Size": "18",
      "Qty": "18"
    },
    {
      "id": 12,
      "firstName": "Jacob",
      "lastName": "Thornton",
      "username": "@jacob",
      "email": "jacob@yandex.ru",
      "age": "48",
      "Brand": "twitter",      
      "Size": "18",
      "Qty": "18"
    },
    {
      "id": 13,
      "firstName": "Haik",
      "lastName": "Hakob",
      "username": "@haik",
      "email": "haik@outlook.com",
      "age": "48",
      "Brand": "twitter",      
      "Size": "18",
      "Qty": "18"
    },
    {
      "id": 14,
      "firstName": "Garegin",
      "lastName": "Jirair",
      "username": "@garegin",
      "email": "garegin@gmail.com",
      "age": "40",
      "Brand": "twitter",      
      "Size": "18",
      "Qty": "18"
    },
    {
      "id": 15,
      "firstName": "Krikor",
      "lastName": "Bedros",
      "username": "@krikor",
      "email": "krikor@yandex.ru",
      "age": "32",
      "Brand": "twitter",      
      "Size": "18",
      "Qty": "18"
    },
    {
      "id": 16,
      "firstName": "Francisca",
      "lastName": "Brady",
      "username": "@Gibson",
      "email": "franciscagibson@comtours.com",
      "age": 11,
      "Brand": "twitter",      
      "Size": "18",
      "Qty": "18"
    }
  
  ]